title,Company,location,duration,start Date,link
"
Deep Learning ","

                        IIT Bombay                    
","
Work From Home ","
                            6 Months                        ",6 Jul' 20,https://internshala.com/internship/detail/deep-learning-work-from-home-job-internship-at-iit-bombay1591465258
"
Google API Development ","

                        Deepthought Edutech Ventures Private Limited                    
","
Work From Home ","
                            2 Months                        ",15 Jul' 20,https://internshala.com/internship/detail/google-api-development-work-from-home-job-internship-at-deepthought-edutech-ventures-private-limited1592268876
"
Data Analytics ","

                        My Vacala Private Limited                    
","
Work From Home ","
                            2 Months                        ",15 Jul' 20,https://internshala.com/internship/detail/data-analytics-work-from-home-job-internship-at-my-vacala-private-limited1592363956
"
Business Analytics ","

                        Indus Valley Home Accessories                    
","
Work From Home ","
                            3 Months                        ",14 Jul' 20,https://internshala.com/internship/detail/business-analytics-work-from-home-job-internship-at-indus-valley-home-accessories1592312837
"
Data Analytics ","

                        D'Well Research                    
","
Work From Home ","
                            6 Months                        ",14 Jul' 20,https://internshala.com/internship/detail/data-analytics-work-from-home-job-internship-at-dwell-research1592203798
"
Data Analytics ","

                        Nuvoretail                    
","
Work From Home ","
                            6 Months                        ",14 Jul' 20,https://internshala.com/internship/detail/data-analytics-work-from-home-job-internship-at-nuvoretail1592059928
"
Convolution Neural Network ","

                        Paleru Technologies Private Limited                    
","
Work From Home ","
                            1 Month                        ",14 Jul' 20,https://internshala.com/internship/detail/convolution-neural-network-work-from-home-job-internship-at-paleru-technologies-private-limited1592291813
"
MLM System ","

                        THEabhikmaitra                    
","
Work From Home ","
                            1 Month                        ",14 Jul' 20,https://internshala.com/internship/detail/mlm-system-work-from-home-job-internship-at-theabhikmaitra1592230819
"
Data Science (Web Crawler Development & Data Mining) ","

                        Mirus Solutions Private Limited                    
","
Work From Home ","
                            2 Months                        ",13 Jul' 20,https://internshala.com/internship/detail/data-science-web-crawler-development-data-mining-work-from-home-job-internship-at-mirus-solutions-private-limited1592240934
"
Data Science and Scoring ","

                        MoneyMall                    
","
Work From Home ","
                            3 Months                        ",13 Jul' 20,https://internshala.com/internship/detail/data-science-and-scoring-work-from-home-job-internship-at-moneymall1592213439
"
Data Science ","

                        LocoBuzz                    
","
Work From Home ","
                            3 Months                        ",13 Jul' 20,https://internshala.com/internship/detail/data-science-work-from-home-job-internship-at-locobuzz1592207632
"
IT Business Analysis ","

                        Immaculate IT Solutions Private Limited                    
","
Work From Home ","
                            1 Month                        ",13 Jul' 20,https://internshala.com/internship/detail/it-business-analysis-work-from-home-job-internship-at-immaculate-it-solutions-private-limited1592202333
"
Business Analytics ","

                        Stirring Minds                    
","
Work From Home ","
                            2 Months                        ",12 Jul' 20,https://internshala.com/internship/detail/business-analytics-work-from-home-job-internship-at-stirring-minds1592127134
"
ChatBot Development ","

                        CivilCops                    
","
Work From Home ","
                            4 Months                        ",11 Jul' 20,https://internshala.com/internship/detail/chatbot-development-work-from-home-job-internship-at-civilcops1591882060
"
Data Science/Machine Learning ","

                        Learnogether Technologies Private Limited                    
","
Work From Home ","
                            2 Months                        ",10 Jul' 20,https://internshala.com/internship/detail/data-science-machine-learning-work-from-home-job-internship-at-learnogether-technologies-private-limited1591964913
"
Data Science ","

                        KickHead Softwares Private Limited                    
","
Work From Home ","
                            3 Months                        ",10 Jul' 20,https://internshala.com/internship/detail/data-science-work-from-home-job-internship-at-kickhead-softwares-private-limited1591872221
"
Data Analytics ","

                        Aine Info Tech Private Limited                    
","
Work From Home ","
                            1 Month                        ",10 Jul' 20,https://internshala.com/internship/detail/data-analytics-work-from-home-job-internship-at-aine-info-tech-private-limited1591958429
"
Data Analytics ","

                        Priyanka Mechineni                    
","
Work From Home ","
                            2 Months                        ",10 Jul' 20,https://internshala.com/internship/detail/data-analytics-work-from-home-job-internship-at-priyanka-mechineni1591253017
"
Machine Learning And Data Science ","

                        Ashuank Asmay Private Limited                    
","
Work From Home ","
                            3 Months                        ",10 Jul' 20,https://internshala.com/internship/detail/machine-learning-and-data-science-work-from-home-job-internship-at-ashuank-asmay-private-limited1591794971
"
Machine Learning (NLP) ","

                        HEURO                    
","
Work From Home ","
                            2 Months                        ",9 Jul' 20,https://internshala.com/internship/detail/machine-learning-nlp-work-from-home-job-internship-at-heuro1591769373
"
Machine Learning ","

                        Mavenai Technologies LTD                    
","
Work From Home ","
                            3 Months                        ",9 Jul' 20,https://internshala.com/internship/detail/machine-learning-work-from-home-job-internship-at-mavenai-technologies-ltd1591857904
"
Data Science ","

                        Aramse Technologies Private Limited                    
","
Work From Home ","
                            3 Months                        ",9 Jul' 20,https://internshala.com/internship/detail/data-science-work-from-home-job-internship-at-aramse-technologies-private-limited1591855260
"
Machine Learning And Python ","

                        Aine Info Tech Private Limited                    
","
Work From Home ","
                            1 Month                        ",8 Jul' 20,https://internshala.com/internship/detail/machine-learning-and-python-work-from-home-job-internship-at-aine-info-tech-private-limited1591809287
"
Machine Learning ","

                        Pytholabs                    
","
Work From Home ","
                            3 Months                        ",8 Jul' 20,https://internshala.com/internship/detail/machine-learning-work-from-home-job-internship-at-pytholabs1591694137
"
Data Science ","

                        Argoid Analytics Private Limited                    
","
Work From Home ","
                            2 Months                        ",8 Jul' 20,https://internshala.com/internship/detail/data-science-work-from-home-job-internship-at-argoid-analytics-private-limited1591600374
"
Data/Research Analytics ","

                        Sixpath Technologies                    
","
Work From Home ","
                            3 Months                        ",8 Jul' 20,https://internshala.com/internship/detail/data-research-analytics-work-from-home-job-internship-at-sixpath-technologies1591771302
"
Data Annotation ","

                        Terra Economics Analysis Lab                    
","
Work From Home ","
                            3 Months                        ",7 Jul' 20,https://internshala.com/internship/detail/data-annotation-work-from-home-job-internship-at-terra-economics-analysis-lab1591600057
"
Quant Research ","

                        AsknBid Tech                    
","
Work From Home ","
                            2 Months                        ",7 Jul' 20,https://internshala.com/internship/detail/quant-research-work-from-home-job-internship-at-asknbid-tech1591595260
"
Business Intelligence ","

                        Nabler Web Solutions                    
","
Work From Home ","
                            6 Months                        ",7 Jul' 20,https://internshala.com/internship/detail/business-intelligence-work-from-home-job-internship-at-nabler-web-solutions1591280555
"
Cognitive Computing ","

                        GoOffer Hyperlocal Private Limited                    
","
Work From Home ","
                            1 Month                        ",7 Jul' 20,https://internshala.com/internship/detail/cognitive-computing-work-from-home-job-internship-at-gooffer-hyperlocal-private-limited1591540520
"
Data Science ","

                        LeewayHertz Technologies                    
","
Work From Home ","
                            3 Months                        ",7 Jul' 20,https://internshala.com/internship/detail/data-science-work-from-home-job-internship-at-leewayhertz-technologies1591436218
"
Data Science And Machine Learning/AI ","

                        Mind Mapperz                    
","
Work From Home ","
                            6 Months                        ",6 Jul' 20,https://internshala.com/internship/detail/data-science-and-machine-learning-ai-work-from-home-job-internship-at-mind-mapperz1591622418
"
Data Analytics ","

                        PrepOnline                    
","
Work From Home ","
                            2 Months                        ",6 Jul' 20,https://internshala.com/internship/detail/data-analytics-work-from-home-job-internship-at-preponline1591151912
